,title,id_number
0,Pride and Prejudice by Jane Austen,1342
1,"Moby Dick; Or, The Whale by Herman Melville",2701
2,A Room with a View by E. M. Forster,2641
3,The Mysteries of Udolpho by Ann Ward Radcliffe,3268
4,The Secret of Chimneys by Agatha Christie,65238
5,Crime and Punishment by Fyodor Dostoyevsky,2554
6,Romeo and Juliet by William Shakespeare,1513
7,Carmen by Prosper Mérimée,2465
8,The Green Mummy by Fergus Hume,2868
9,The Love Letters of Mary Wollstonecraft to Gilbert Imlay by Mary Wollstonecraft,34413
10,Jane Eyre: An Autobiography by Charlotte Brontë,1260
11,"The String of Pearls; Or, The Barber of Fleet Street. A Domestic Romance. by Prest and Rymer",59828
12,The Blue Castle: a novel by L. M. Montgomery,67979
13,The Adventures of Sherlock Holmes by Arthur Conan Doyle,1661
14,Sense and Sensibility by Jane Austen,21839
15,"The Extraordinary Adventures of Arsène Lupin, Gentleman-Burglar by Maurice Leblanc",6133
16,Four Arthurian Romances by active 12th century de Troyes Chrétien,831
17,My Life — Volume 1 by Richard Wagner,5197
18,The History of Sir Richard Calmady: A Romance by Lucas Malet,23784
19,The Lady of the Lake by Walter Scott,3011
20,The Man Who Was Thursday: A Nightmare by G. K. Chesterton,1695
21,Eloisa : by Jean-Jacques Rousseau,76639
22,The Yeoman Adventurer by George W. Gough,7326
23,The Monk: A Romance by M. G. Lewis,601
24,A Honeymoon in Space by George Chetwynd Griffith,19476
25,"Thuvia, maid of Mars by Edgar Rice Burroughs",72
26,The Book of the Thousand Nights and a Night — Volume 01 (of 10),51252
27,The Misplaced Battleship by Harry Harrison,22541
28,Manon Lescaut by abbé Prévost,468
29,Dracula by Bram Stoker,345
30,Pride and Prejudice by Jane Austen,42671
31,Meditations by Emperor of Rome Marcus Aurelius,2680
32,"Modern English biography, volume 2 (of 4), I-Q by Frederic Boase",71046
33,"Bidwell's Travels, from Wall Street to London Prison: Fifteen Years in Solitude by Austin Bidwell",24739
34,A farewell to arms by Ernest Hemingway,75201
35,The Complete Project Gutenberg Works of Jane Austen by Jane Austen,31100
36,The Complete Works of William Shakespeare by William Shakespeare,100
37,The strange case of Dr. Jekyll and Mr. Hyde by Robert Louis Stevenson,42
38,Dracula by Bram Stoker,45839
39,The Mystery of Edwin Drood by Charles Dickens,564
40,"Oliver Twist, Vol. 2 (of 3) by Charles Dickens",47530
41,Alice's Adventures in Wonderland by Lewis Carroll,11
42,King Arthur and the Knights of the Round Table by Sir Thomas Malory,36462
43,The strange case of Dr. Jekyll and Mr. Hyde by Robert Louis Stevenson,43
44,Blow The Man Down: A Romance Of The Coast by Holman Day,24793
45,The Confessions of St. Augustine by Saint of Hippo Augustine,3296
46,The Countess of Pembroke's Arcadia by Philip Sidney,70854
47,The King in Yellow by Robert W. Chambers,8492
48,Catriona by Robert Louis Stevenson,589
49,The Sex Life of the Gods by M. E. Knerr,40284
50,The Blue Lagoon: A Romance by H. De Vere Stacpoole,393
51,Under the Red Dragon: A Novel by James Grant,53874
52,Middlemarch by George Eliot,145
53,I am a woman by Ann Bannon,76178
54,The Odyssey by Homer,1727
55,Sense and Sensibility by Jane Austen,161
56,The Silent Barrier by Louis Tracy,31635
57,The Count of Monte Cristo by Alexandre Dumas and Auguste Maquet,1184
58,A pair of blue eyes by Thomas Hardy,224
59,Doctor Cupid: A Novel by Rhoda Broughton,35548
60,The Love Letters of Henry VIII to Anne Boleyn; With Notes by King of England Henry VIII,32155
61,Twenty years after by Alexandre Dumas and Auguste Maquet,1259
62,Moods by Louisa May Alcott,28203
63,"Little Women; Or, Meg, Jo, Beth, and Amy by Louisa May Alcott",37106
64,Erotica Romana by Johann Wolfgang von Goethe,7889
65,As You Like It by William Shakespeare,1523
66,Undine by Freiherr de Friedrich Heinrich Karl La Motte-Fouqué,2825
67,"Narrative of the Life of Frederick Douglass, an American Slave by Frederick Douglass",23
68,Only a girl's love by Charles Garvice,53416
69,The Romance of Tristan and Iseult by Joseph Bédier,14244
70,The Home Book of Verse — Volume 2 by Burton Egbert Stevenson,2620
71,One of the Six Hundred: A Novel,55179
72,Autobiography of Benjamin Franklin by Benjamin Franklin,20203
73,The Gay Adventure: A Romance by Richard Bird,33823
74,The Pirate by Walter Scott,42389
75,The Landloper: The Romance of a Man on Foot by Holman Day,4712
76,A Study in Scarlet by Arthur Conan Doyle,244
77,India's Love Lyrics by Laurence Hope,8197
78,Linnet: A Romance by Grant Allen,48296
79,The Anabasis of Alexander : by Arrian,46976
80,"Chambers's Edinburgh Journal, No. 452 by Various",22187
81,Lorna Doone: A Romance of Exmoor by R. D. Blackmore,17460
82,"Dainty's Cruel Rivals; Or, The Fatal Birthday by Mrs. Alex. McVeigh Miller",31257
83,Sonnets from the Portuguese by Elizabeth Barrett Browning,2002
84,Hypnerotomachia: The Strife of Loue in a Dreame by Francesco Colonna,18459
85,Forest Days: A Romance of Old Times by G. P. R. James,49987
86,The Green Mouse by Robert W. Chambers,10441
87,Love and Freindship [sic] by Jane Austen,1212
88,The Red Lily — Complete by Anatole France,3922
89,The Prairie Wife by Arthur Stringer,18875
90,Complete Short Works of George Meredith by George Meredith,4499
91,What Will People Say? A Novel by Rupert Hughes,38311
92,The Treasure of Pearls: A Romance of Adventures in California by Gustave Aimard,46276
93,Victorian Short Stories: Stories of Courtship,15381
94,That Which Hath Wings: A Novel of the Day,51428
95,A Journey to the Centre of the Earth by Jules Verne,18857
96,Camille (La Dame aux Camilias) by Alexandre Dumas,1608
97,The Boy with Wings by Berta Ruck,36223
98,The Hound of the Baskervilles by Arthur Conan Doyle,2852
99,Cynthia's Chauffeur by Louis Tracy,31472
